{"Master":100.0,"SFX":50.0,"UI":0.5900003910064697,"BGM":0.829999566078186,"Battle":0.37000060081481936,"KickDrum":0.4200005531311035,"SnareDrum":0.450000524520874}