{"Master":1.0,"SFX":50.0,"UI":0.6300003528594971,"BGM":0.3699999749660492,"Battle":1.0,"KickDrum":1.0,"SnareDrum":1.0}